fid,gaul_code,iso3,mean,name,region,subregion,min,max,sum,year,gee_asset
8,8,AGO,2.01645169248,Angola,Africa,Middle Africa,0.0,13.1665067673,40729047.454,2014,WPnb
45,45,CMR,2.17984820545,Cameroon,Africa,Middle Africa,0.0,21.5310745239,16505736.4968,2014,WPnb
49,49,CAF,1.29894495394,Central African Republic,Africa,Middle Africa,0.0,3.7259054184,13196676.7226,2014,WPnb
50,50,TCD,0.616511391066,Chad,Africa,Middle Africa,0.0,2.18861222267,5863445.63934,2014,WPnb
59,59,COG,2.22785548244,Congo,Africa,Middle Africa,0.0,12.8375740051,12285145.9175,2014,WPnb
68,68,COD,2.21293304133,Democratic Republic of the Congo,Africa,Middle Africa,0.0,12.9665088654,82870190.9353,2014,WPnb
76,76,GNQ,2.96814529398,Equatorial Guinea,Africa,Middle Africa,0.0,21.9829025269,1284755.75421,2014,WPnb
211,214,STP,2.79163383909,Sao Tome and Principe,Africa,Middle Africa,0.0,18.8028202057,40018.0710834,2014,WPnb
89,89,GAB,2.76007579854,Gabon,Africa,Middle Africa,0.0,20.8076953888,11734031.6857,2014,WPnb
