fid,gaul_code,iso3,mean,name,region,subregion,min,max,sum,year,gee_asset
8,8,AGO,1.70756413588,Angola,Africa,Middle Africa,0.0,48.4101028442,34606387.8338,2013,WPnb
45,45,CMR,2.21475771449,Cameroon,Africa,Middle Africa,0.0,30.2137260437,16772752.1839,2013,WPnb
49,49,CAF,1.72758480251,Central African Republic,Africa,Middle Africa,0.0,4.5695400238,17551420.2597,2013,WPnb
50,50,TCD,0.837187815617,Chad,Africa,Middle Africa,0.0,47.9985580444,8048345.25045,2013,WPnb
59,59,COG,2.05678067598,Congo,Africa,Middle Africa,0.0,5.64224672318,11341798.2367,2013,WPnb
68,68,COD,2.33929970342,Democratic Republic of the Congo,Africa,Middle Africa,0.0,481.344268799,87609035.9959,2013,WPnb
76,76,GNQ,2.75151269915,Equatorial Guinea,Africa,Middle Africa,0.0,91.5699996948,1194566.48682,2013,WPnb
211,214,STP,2.65304802452,Sao Tome and Principe,Africa,Middle Africa,0.0,315.028106689,39363.2735398,2013,WPnb
89,89,GAB,2.38976583941,Gabon,Africa,Middle Africa,0.0,11.9851169586,10162426.6572,2013,WPnb
