fid,gaul_code,iso3,mean,name,region,subregion,min,max,sum,year,gee_asset
8,8,AGO,1.44525873456,Angola,Africa,Middle Africa,0.0,8.02549743652,30080962.0442,2016,WPbm
45,45,CMR,1.58385582465,Cameroon,Africa,Middle Africa,0.0,65.3616714478,12082032.3558,2016,WPbm
49,49,CAF,0.878030885029,Central African Republic,Africa,Middle Africa,0.0,2.58418297768,8931127.33738,2016,WPbm
50,50,TCD,0.157999643688,Chad,Africa,Middle Africa,0.0,1.44959700108,3384527.1154,2016,WPbm
59,59,COG,1.56775666589,Congo,Africa,Middle Africa,0.0,7.30293369293,8713784.38307,2016,WPbm
68,68,COD,1.54692150977,Democratic Republic of the Congo,Africa,Middle Africa,0.0,589.621948242,58988705.3367,2016,WPbm
76,76,GNQ,2.37234694808,Equatorial Guinea,Africa,Middle Africa,0.0,1388.78149414,1040755.72316,2016,WPbm
211,214,STP,5.01053657281,Sao Tome and Principe,Africa,Middle Africa,0.0,1491.48449707,76841.5888806,2016,WPbm
89,89,GAB,1.89929668941,Gabon,Africa,Middle Africa,0.0,7.02136611938,8165270.19604,2016,WPbm
