fid,gaul_code,iso3,mean,name,region,subregion,min,max,sum,year,gee_asset
8,8,AGO,1.50293645386,Angola,Africa,Middle Africa,0.0,10.1807460785,31281440.0234,2014,WPbm
45,45,CMR,1.72624429996,Cameroon,Africa,Middle Africa,0.0,107.340660095,13168205.8187,2014,WPbm
49,49,CAF,1.01344961674,Central African Republic,Africa,Middle Africa,0.0,2.74746441841,10308575.3946,2014,WPbm
50,50,TCD,0.163859290988,Chad,Africa,Middle Africa,0.0,1.51206433773,3510047.24135,2014,WPbm
59,59,COG,1.74770161598,Congo,Africa,Middle Africa,0.0,9.62973308563,9713940.54894,2014,WPbm
68,68,COD,1.79706389824,Democratic Republic of the Congo,Africa,Middle Africa,0.0,370.166503906,68527376.5313,2014,WPbm
76,76,GNQ,2.79857257656,Equatorial Guinea,Africa,Middle Africa,0.0,1541.73779297,1227742.18505,2014,WPbm
211,214,STP,6.26563096424,Sao Tome and Principe,Africa,Middle Africa,0.0,1476.20117188,96089.7164676,2014,WPbm
89,89,GAB,2.15169613182,Gabon,Africa,Middle Africa,0.0,17.6226387024,9250361.14369,2014,WPbm
